0,2,3,5,6,7,8,10,11,12,15,16,17,18,19,21,22,23,undervalued
0.18710971491747572,0.3306418351101752,0.5201062059702699,-0.3349335730194392,0.27520469672223047,1.1004670601399884,-0.6035161503034585,1.7128871442803812,-1.5945336148038218,-0.46786390676034145,-0.5052286449255357,-0.38975905521528587,-0.006287807245897569,-0.14471272116636194,-0.34767754444154375,-0.39847095796958804,-0.45932906184222644,-0.4659911532399904,0
0.16349013906168472,1.159998363613485,3.014930808553226,-0.8788227241519907,-0.09233004054523836,0.5452717436471165,2.606697958927664,-0.7194252697215104,2.4789944429361874,2.412860271443219,2.5716690070937687,2.9604571713734935,2.871450290472762,0.6405463138975998,2.8992024743670433,0.057980508597543653,0.07300396753243842,0.08052544711943113,0
0.2941290782099406,-0.5653528559532056,-0.18354683471739305,0.2411482053881894,1.6948661964669842,-0.6263601703926492,-0.5448501190504716,-0.6203645453083099,0.4625616444214105,0.5682194986714972,-0.5635613517099085,-0.5322378616107055,-0.39778683438584084,0.0061199240308751025,-0.6471343011775708,0.025510061195716294,0.04108165914747761,0.013046729394030251,0
-0.5014051637596747,0.1183318269162685,-0.26001886004786134,-1.010072919192986,-0.9605527753133489,-0.2575315185628222,-0.4755840238033208,-0.6679832608663941,-0.8274131539482293,-1.126686290353006,-0.4209960242737683,-0.622813398043061,-0.7405829300434748,-1.4887100547688177,-0.6982084436372756,2.296400094361392,2.2444642171622795,2.1745941597232954,0
-0.04314473804360686,-0.056698871733431064,0.18568555872058445,-0.27578066451256134,0.35607430840182064,1.3504502034376262,-0.4956464679437165,1.779535564273084,-1.4594433813425396,-0.33765164986866164,-0.49443573093260906,-0.39345654799008845,-0.0626921380476911,-0.14463042314237934,-0.3548252642688475,-0.42468812235136344,-0.42020192438043963,-0.42416315846426694,0
-0.06157519477761171,-0.2710829885291698,-0.4192794566275543,-0.1700851443985751,-0.9942614700200314,-0.5957374260456315,-0.13966563235291818,-0.32308530141196595,-0.665930434825132,-0.8140813225936007,-0.5141284352836265,-0.5445200038959536,-0.7514808529080053,-0.7924048678502521,-0.5443225120522929,-0.546843524294522,-0.5433664348527946,-0.5488583774228466,0
0.7523085737219724,-1.0064241637286617,-0.6918213135224996,-0.11152083702652982,0.47218067506751804,1.7126515752504148,-0.22367176766900984,1.7818667196675457,-0.9645970278111671,-1.1020497179990842,-0.5083746187298338,-0.3774336997640213,-0.11881255684618533,-0.14441043057376596,-0.34846967193258266,-0.25479440666601116,-0.23601041917898413,-0.24549615158014937,1
0.30253051209937615,-1.0296755313232078,-0.8262547252916321,0.7162181162634575,2.0521972291660004,-0.5627823250888275,-0.532233074736781,-0.5931332339379839,0.6108804626833072,0.7370983546995109,-0.5436016365566182,-0.5274559275708111,-0.4934863486200789,-0.009424076697734414,-0.6379236737964243,-0.029169791220201198,-0.041128871942550535,-0.010278086432590035,0
0.10021812479542762,-0.5717519547002505,-0.6347360451130643,-0.24289458810946796,-0.9801767218684143,-0.636597676297334,-0.20350384559577409,-0.3712496741302357,-0.32285187446730257,-0.38083376842293654,-0.5221420032912181,-0.5397740471428214,-0.7543101144960471,-0.7924048678502521,-0.5446808204348025,-0.544357668649339,-0.5428818978007759,-0.5410615996270888,0
1.2199701422858449,-0.7919498290038666,-0.28061076469402885,-0.6462539733270346,-0.7870656180791753,-0.5044094702164978,-0.8866464541590333,0.5973340536917919,0.17692482503215012,0.14752792581770874,-0.5877476526899821,-0.4860976347048924,-0.7108193114894651,2.091013579722014,-0.2199216617717168,-0.5401648969778533,-0.5361895290394144,-0.5406183049032313,0
-0.11545867523388129,0.029639791157374216,0.26545891077230427,-0.2907133760720154,0.3455191843347965,1.3175228061382458,-0.5203714406800828,1.7793236413599713,-1.5044294135073217,-0.26816091629515654,-0.4931685593296534,-0.3949131706469722,-0.05759028182628777,-0.14465042246679874,-0.35540304536599543,-0.2863925467479881,-0.28763284683465346,-0.28904087763086983,0
-1.989512533522024,1.5511466946786578,-0.2217427447161587,1.5037026207504585,-0.8369812632431465,-0.6600648446656016,-0.14558314709304962,-0.932442675383432,-0.4887596691307744,-0.6127214595441931,-0.004599918367883733,-0.30728987100227945,-0.7186996848751558,-1.5431771284768048,-0.3606080349466947,0.0506292868333404,0.05554780373385699,0.05305688056163184,0
0.917606511182264,-0.561567323670853,-0.2591575926250337,-0.7013000174034353,-0.8192020473266928,-0.5801972075103278,-0.850344033174933,0.47662495215832495,0.007469104094473248,-0.3696988359515049,-0.5962253537607318,-0.4991464628137933,-0.7155172647929259,2.091013579722014,-0.25028844494824476,-0.5516199115742942,-0.5493568101504609,-0.5508046294384938,0
0.06315073824322186,1.4622257717151659,3.0932682344786437,-0.895186647709751,-0.18935972711358104,-0.40841528162339,2.358846200896646,-0.7379628346062764,2.3026152012927206,2.5276783893346773,2.1279949940617615,2.6597715388901175,2.72464119768986,0.5212939966277271,2.5484927122464085,0.023954397567700344,0.04556046426264562,0.047413654263451364,0
0.6076806988959967,-0.8337468377506788,-0.5322746095005185,-0.1413862604774759,0.4510704264513619,1.6467967806516541,-0.27312171314174255,1.7814428727245792,-1.0545690920732358,-0.9630682510057437,-0.5058402754690184,-0.38034694491117976,-0.10860884440337894,-0.14445042922260476,-0.3496252341268786,-0.25348495959247047,-0.24220242530429037,-0.24040270811020262,0
-0.11550630159890932,-0.17085999980547625,-0.34746059385335665,-0.14581532927488067,-0.9989563860705702,-0.582117342577744,-0.11838622793863289,-0.3070305105803255,-0.7802899549444086,-0.958497174069194,-0.5114572459477627,-0.5461019894803308,-0.7505377657240934,-0.7924048678502521,-0.5442030759247896,-0.5444525649560907,-0.5380128587972112,-0.5441055560968395,0
-1.608358665675224,-0.05313573129677485,-2.3453628422951605,-0.9862367972809927,-0.4540454747649839,-0.5660687584727916,0.9871932984299895,-0.7715369798149564,0.0005100180677104738,0.08294122005129684,1.5068151588166683,1.2001944186819493,1.1014189059418562,0.3718945551072919,1.227029195675047,-0.5396163061169835,-0.5355238997138129,-0.5413344380481864,1
-0.4533285408085218,0.11880085497782773,-0.2596967855077861,-1.0122337210456767,-0.9651498605213703,-0.2715013444357028,-0.47905203140434693,-0.6637722864708946,-0.8220151796873326,-1.122186531753286,-0.420227283826836,-0.6238364540750846,-0.740569245518429,-1.4887100547688177,-0.6988835890681911,2.3427976646795616,2.327654746439533,2.4461371050765575,0
-0.07073313482224088,-0.25708216100489056,-0.07624074638511598,1.0858674597761977,0.734737136848613,-0.639527003052964,-0.2794120286349095,-0.566780798109077,-0.04902491939197921,0.04403879735349562,-0.6192957816515551,-0.4732624582619581,-0.4462806578633854,0.7444379465975738,-0.5764473424732736,-0.5600771823803049,-0.5583669158624299,-0.5636993753975896,0
0.021256296028899092,1.0924561702047106,2.483882777360585,-0.9316653761027767,-0.4306949074313187,-0.5163203511230583,2.242779336355307,-0.8242690828185019,1.5063286322828955,1.6606627746089235,1.7812975926336452,1.8522569646628129,1.691407192470604,0.5025416973454988,1.8120819231758065,0.013190100352043944,0.03665382444717135,0.02932215513445464,0
-0.7182109837305738,0.14706213705219665,-0.3780885667144369,-0.9819910514555247,-0.5541158904014266,-0.61639192638244,1.2394665979250576,-0.8405187880150277,-0.7048541299510918,-0.24628980406051668,0.9763231971025811,0.9008559265704527,1.546288460536122,0.3718945551072919,0.8560907942566656,-0.5729792040564478,-0.5684398025048859,-0.5724121089906732,0
2.16202730987731,-1.580510772523218,0.3111675540255503,0.3132255694313904,0.87577723894222,2.3014828915398766,-0.508207884360707,2.030486960403906,0.3556113587773722,-2.248574615243894,-0.5269141997107357,-0.3334923409164162,0.02339469548996602,-0.14354815127660436,-0.30484821357628566,-0.18853062391020864,-0.20289364661909198,-0.2062783950701826,0
-0.9472494216701428,0.06337518203940838,-1.0548166771790044,-0.9879907246784189,-0.4983196773513909,-0.5914581659973354,1.0648945392111815,-0.8077209498696556,-0.3192050836195461,-0.40919919047287856,1.3592919536882508,1.0772156073751555,1.3736941331716843,0.3718945551072919,1.0931850330598114,-0.5563165228099958,-0.5527350208724832,-0.5571833545816387,1
-0.6456350326131335,0.11692474273159081,-0.260985083668087,-1.0035905136349137,-0.9467615196892843,-0.2156220409441804,-0.4651800010002425,-0.6806161840528929,-0.8436070767309196,-1.1401855661521652,-0.4233022456145651,-0.6197442299469904,-0.7406239836186126,-1.4887100547688177,-0.696183007344529,2.5718360693362494,2.1765627494995146,2.7622918228671076,1
0.029169199592094384,-0.14303753467332947,0.10591220675032313,-0.260847952870098,0.3666294329509528,1.383377600737007,-0.4709214952073501,1.7797474871861962,-1.414457349234004,-0.4071423831860508,-0.4957029025355648,-0.3919999254998137,-0.0677939942690943,-0.14461042381795994,-0.3542474831716995,-0.4298302788728766,-0.44197255731278434,-0.42253295883359687,0
0.2588033101022403,-1.0994519523653175,-0.7166804552080628,1.0403383941670676,2.532054155853255,-0.5104436962328132,-0.5061726301719219,-0.5352258932605811,0.7359563202770915,0.9587370773214378,-0.5468173215159317,-0.5212088597952798,-0.5600811122898639,-0.024361622574014308,-0.6306354012549359,-0.005332621292822751,0.004245144842061669,0.0005899479992699723,0
-0.7668474738500357,0.14715511185531477,-0.42710668257439116,-0.9805405557565424,-0.5589502471756027,-0.6177516202829153,1.2632808320390694,-0.8419092170297617,-0.73631035336493,-0.14340215381674867,0.9208041892497264,0.8831523921009323,1.5419108641981938,0.3718945551072919,0.8277925415759283,-0.5771130968790359,-0.5744902805044589,-0.574792311251065,1
-1.3347799162467835,0.9726256937615194,-0.1450040993140912,1.367981724122107,-0.871526526571027,-0.6875489077883223,-0.11032495784360158,-0.9352031744083071,-0.519224735150193,-0.6582401428048001,-0.016357123961146528,-0.33780071073155893,-0.7256295004307961,-1.5431771284768048,-0.38817902965304374,0.13137142462692375,0.11083436424846209,0.10851526777275738,0
-0.4993467781863137,0.1466437504258919,-0.15750704546683053,-0.9885182821839548,-0.5323612861229047,-0.6102733039442713,1.1323025431019285,-0.8342618573928873,-0.5633011247013133,-0.7092842302855299,1.226158731891388,0.9805218314333802,1.5659876404262107,0.3718945551072919,0.9834329333272611,-0.563615031712157,-0.5629231876728048,-0.5627008722308496,0
-0.6389248498525012,0.11817472895040004,-0.25622163881662424,-1.0025656652384691,-0.9398009927233798,-0.20163994135599023,-0.4610166451103628,-0.6650513849765859,-0.8214665558204829,-1.1157048304428314,-0.42066706485495964,-0.6188610101132658,-0.7410409427184804,-1.4887100547688177,-0.6932256278367438,2.507104859519177,2.52031395095395,2.4888775676725343,1
0.9504873660900678,-0.4712447167652595,-0.2503113203645784,1.8091363046651145,1.043462078053113,-0.5706625763339728,-0.47207825912612705,-0.3550387971156578,0.8132217712182448,0.9785663550386793,-0.6107621207361627,-0.44197653305323187,-0.15457742608453845,0.7444379465975738,-0.5253948446482212,-0.525933028153592,-0.5244486935164061,-0.5313346287894063,0
0.9873056564662176,-0.4692575030248915,-0.2078665328534741,1.698036353142252,0.9771762332311069,-0.5813612817380499,-0.3775250003580499,-0.39634568985277663,0.6431109899222002,0.7691912477107703,-0.6092575906881775,-0.44739655897978997,-0.18238348729453369,0.7444379465975738,-0.5340332474692892,-0.5308790278683757,-0.5277307350109847,-0.5324829359310581,0
1.0880507290859316,-1.188834391577417,-0.5583233192696688,-0.01586724607330633,0.5601530522985101,1.8550751987872962,-0.25986185800577744,1.8310075535993742,-0.6684308349043958,-1.3836835443556246,-0.5130439315897058,-0.3676088715266306,-0.09489898264088852,-0.1442245274682448,-0.33941359075301825,-0.21797443178109668,-0.19376284102900504,-0.1933195567133309,0
-0.049142272052709934,1.5535520306974147,3.045340159252967,-0.8977677970386907,-0.204663133022875,-0.41527225568929343,2.3535968251913735,-0.7436731632877625,2.2566441124006302,2.4759191476938276,2.1016757698771347,2.6157892020128553,2.6663254599624353,0.5202915123111467,2.506545937329108,0.037870693582512986,0.06442390811225882,0.05136275720897891,0
-0.17528627275213482,-0.23824513303497408,-0.0739213084132436,1.0554657311799345,0.727762183727933,-0.6423832719443022,-0.2919820445619143,-0.5728869686921227,-0.07328482448962183,0.02570109898644987,-0.620550283113677,-0.4743820795770284,-0.46395175036737296,0.7444379465975738,-0.5783398959233931,-0.5671276218459756,-0.5607772262910274,-0.5641606317894079,0
1.1464603368410122,-0.7610557587371495,-0.28221812969441984,-0.673215467838859,-0.7910077781115462,-0.5352838257390521,-0.9198132910525663,0.5628202134484984,0.14386755450873304,0.009696616078970256,-0.5933369642067335,-0.493528282419599,-0.7135587299828366,2.091013579722014,-0.2328330800772433,-0.5465806220523655,-0.5426501224629,-0.5425253073141793,0
-2.3310280115126596,2.0648827980716193,-0.31534650384114193,1.634472382188037,-0.790408295355918,-0.613398425670532,-0.19921122883263648,-0.9273845237237869,-0.3806847479130943,-0.4649162102752699,0.02874367692981774,-0.2672975154486784,-0.710486400508221,-1.3750877928014216,-0.31993864860771554,-0.008910420329593025,-0.13686858151491388,-0.15032595006186938,1
-2.3907448348230647,2.276628575341199,-0.36252772956425916,1.691833434277715,-0.7658421484388608,-0.5866438303610462,-0.2288548333624923,-0.9244190596865155,-0.30876807680565993,-0.36771787830176,0.0502242117251149,-0.24645650070226158,-0.7064053818997119,-1.249020791044884,-0.29770790726538604,0.07647108065234198,0.0992862123693764,0.09606042451358529,0
-0.24943101690579755,0.12523318587359142,-0.19653821884069977,-1.0026224948380227,-0.8801742461114632,-0.10735033803433501,-0.42586762890143526,-0.4494876369435628,-0.4931649284073652,-0.7602278413089228,-0.38100657025215534,-0.6139430206173048,-0.7458521703761988,-1.4883488713394657,-0.6602234943294258,2.8205659846849525,2.9808602639886095,2.8544008239551815,1
-0.40525191785736886,0.119269883039387,-0.25937471096771086,-1.0143945228983673,-0.9697469457293917,-0.2854711703085834,-0.4825200390053731,-0.659561312075395,-0.8166172054264358,-1.1176867731535662,-0.41945854337990374,-0.6248595101071082,-0.740555560993383,-1.4887100547688177,-0.6995587344991068,2.1165617091134847,2.099939162887544,2.0002375377159773,0
0.25394473210255825,-1.1072048880366627,-0.7045055363098883,1.0763517583785802,2.5853715921518394,-0.5046282930265893,-0.503277025220271,-0.5287917442964254,0.7498536377875114,0.9833636020572073,-0.5471746198447442,-0.5205147411535541,-0.5674805304753956,-0.02602134989360082,-0.6298255931947705,-0.04234521087294048,-0.043109871845510156,-0.018231964998344175,0
0.10148313678236881,-0.22937619756413483,0.026138854698603248,-0.24591524131064404,0.37718455701797693,1.4163049980363875,-0.4461965224709838,1.7799594112160504,-1.3694713170692214,-0.47663311675955583,-0.4969700741934245,-0.39054330284293004,-0.07289585049049749,-0.14459042449354054,-0.35366970207455156,-0.31659990321753545,-0.3276479967718012,-0.3415516245757505,1
0.2610348640230835,-0.5325965704924738,0.07505984688813991,-0.3389931858344475,-0.9217694117928961,-0.7191188907200812,-0.2862406175852446,-0.4818100008439315,0.06821180428409314,-0.087287563655139,-0.5115018026289114,-0.5529352004562363,-0.6732379332267682,-0.8031156632987325,-0.5721307485273447,-0.5464852546433189,-0.5383454046648051,-0.5439504567787605,0
0.8246225109122469,-1.0927628267176535,-0.7715946655742196,-0.09658812530105691,0.4827357991345422,1.7455789725497959,-0.19894679493264353,1.7820786425806583,-0.9196109956463846,-1.171540451470143,-0.5096417903327896,-0.37597707710713757,-0.12391441306758866,-0.14439043124934656,-0.3478918908354347,-0.23755699734000632,-0.23166740519502854,-0.24715253703163398,0
0.3073890900990582,-1.0219225956518627,-0.8384296441898066,0.6802047520519451,1.9988797928674165,-0.5685977282950513,-0.535128679688432,-0.5995673829021398,0.5969831451728864,0.7124718299637411,-0.5432443382278056,-0.5281500462125367,-0.4860869304345472,-0.007764349378148081,-0.6387334818565897,0.08701601988794452,0.019013479526854647,0.12367484779425078,0
0.28733460700164093,-0.3970465544429639,0.06659981342157749,0.09000701196859809,1.6008551364287913,-0.6458403099769148,-0.5474098069543673,-0.6257506753490651,0.41736507570601467,0.5233598212128191,-0.571314218639002,-0.5335104978943718,-0.36744908018715033,0.010704128814413717,-0.6499809304003765,-0.10204943245373133,-0.08620826540405321,-0.0981693617656265,1
0.29639390194604026,-0.6214549564566195,-0.26692905076371654,0.2915286031947198,1.7262032164797154,-0.6198667905312276,-0.543996889749173,-0.618569168628058,0.4776271673265422,0.5831727244910565,-0.5609770627335441,-0.5318136495161502,-0.40789941911873767,0.004591855769695564,-0.6461854247699689,0.03696551450154233,0.05609377215843451,0.04804789107272925,1
-0.8528052439360413,0.08001959826535822,-0.8704529392587199,-0.988241285782628,-0.5046445635729083,-0.595085224204273,1.0759947168399449,-0.8128900885286656,-0.36487866949451564,-0.47950496358784356,1.3382172103337795,1.0596472052838735,1.4125905949824997,0.3718945551072919,1.0740644387828306,-0.5605563823062416,-0.5599657282754255,-0.564990125558862,1
-1.3411237524953785,0.2178569381022406,-1.3993220795176722,-0.984055306899925,-0.3797158803598386,-0.5431277818604835,1.1177633142575722,-0.7867123797289868,0.2047289786770808,0.36190812799351313,1.5564161739283002,1.3254747764313377,1.0421565466402631,0.3718945551072919,1.3390331068680765,-0.5217294499074634,-0.5201052455932267,-0.5168439778524018,1
0.28959943073774075,-0.45314865494637785,-0.01678240262474608,0.14038740977512848,1.6321921564415223,-0.6393469301154929,-0.5465565776530688,-0.6239552986688134,0.4324305986111465,0.5383130470323784,-0.5687299296626375,-0.5330862857998163,-0.37756166492004717,0.009176060553234179,-0.6490320539927746,-0.03365263384746877,-0.06076391749937129,-0.07065179098934057,0
-1.0978480022598334,2.3487573496025176,2.513238681140531,-0.9269468591492768,-0.38124264222599735,-0.49435916765834875,2.288271641565079,-0.8090271079318783,1.7160144914012512,1.8714382446394076,1.8077547736730084,2.0920225632629506,1.9772173231764458,0.5083038294740088,2.011838628944088,-0.031328863394780415,-0.06175519253201515,-0.04875199180860933,0
-2.4902728736737396,2.629538204123831,-0.44116310576945444,1.7874351877605108,-0.7248985702437655,-0.5420528381785698,-0.27826084091225195,-0.9194766196243966,-0.1889069582932691,-0.2057206583459095,0.0860251030506103,-0.21172147612490022,-0.6996036842188635,-1.0389091214506552,-0.26065667169483664,-0.05701884039475676,-0.07558584007866784,-0.04924121097133876,1
0.6799946360862712,-0.9200855007396702,-0.6120479615522384,-0.12645354875200288,0.46162555051838605,1.6797241779510346,-0.24839674040537624,1.7816547967544334,-1.0095830599197024,-1.0325589845792487,-0.507107447126878,-0.37889032225429603,-0.11371070062478214,-0.14443042989818536,-0.3490474530297306,-0.2632176413052684,-0.24875994107477642,-0.2529292368249268,1
0.45203255482722865,-0.3512673008544729,-0.08783793624447843,1.2378761027575147,0.7696119024520119,-0.6252456585962727,-0.2165619489998858,-0.5362499451938483,0.07227460609623303,0.13572728918872368,-0.6130232743409457,-0.46766435168660675,-0.35792519534344724,0.7444379465975738,-0.5669845752226761,-0.5462657013903603,-0.547192249258237,-0.5467332978882797,0
0.38882197546380703,0.5313098644447712,0.6898710695713446,-0.36441370426238223,0.22832837164718642,0.9557632299810176,-0.6589459567190423,1.668596146599568,-1.6546030823348217,-0.6009992336517594,-0.5132687020260599,-0.3863229782608283,0.02791384229283322,-0.14475425388676483,-0.3425272104919093,-0.4644034312713815,-0.46365748034408233,-0.4715420756279948,0
-0.14687150634481394,0.07145545551421703,-0.19359004625110068,-0.9995734910417466,-0.8617595747655206,-0.05573352053105289,-0.3958836732187938,-0.43188607322186,-0.342027273794896,-0.5866797961910073,-0.36387715622243194,-0.6116545822002711,-0.745301298424096,-1.4865429541927058,-0.6524012343324769,3.5577068307574984,3.6515329785179604,3.5105575438385515,0
-0.3812136063817923,0.1195043970701666,-0.25921367369767323,-1.0154749238247127,-0.9720454883334025,-0.29245608324502365,-0.4842540428058861,-0.6574558248776452,-0.8139182182959873,-1.1154368938537063,-0.41907417315643763,-0.6253710381231199,-0.7405487187308601,-1.4887100547688177,-0.6998963072145645,2.0744734799075952,2.106264862403569,2.1927298874036345,0
1.238347593647053,-0.799673346570546,-0.2802089234439311,-0.6395135996990785,-0.7860800780710826,-0.49669088133585926,-0.8783547449356501,0.6059625137526155,0.18518914266300396,0.18198575325239336,-0.5863503248107942,-0.4842399727762158,-0.7101344568661222,2.091013579722014,-0.21669380719533493,-0.5407164602305703,-0.534672601791442,-0.5414169050883738,0
-0.8351933441242299,2.192835843573157,2.709843632673229,-0.9158358423412682,-0.3117869743879341,-0.46327107415061697,2.316851195254465,-0.7836454640581639,1.9348464901560023,2.1136044562078844,1.9174412005847443,2.3079128438720216,2.2581152958704553,0.5132741220950827,2.212918512908004,-0.05516583962645202,-0.03939872155232644,-0.057896011092490596,0
-2.6102098867923855,2.8198040444952954,-0.42253027904069,1.8968925084423431,-0.7107589730469441,-0.5346804849621892,-0.27601355586276877,-0.9165782459788608,-0.1451881694021833,-0.1501116013461669,0.10678832555204802,-0.19213051830057287,-0.6884555021074168,-0.99680842926787,-0.23965725550018868,-0.06698306693554572,-0.053834498430114515,-0.07524861635674093,1
0.22896917403392011,-0.5744100822295448,-0.15942457952818892,-0.31744455110386766,-0.9378831300244954,-0.6984485514108293,-0.2678034073388905,-0.4534583401239845,-0.014799443603651468,-0.13202666966841176,-0.5154952196503242,-0.5485122587952291,-0.6978425137772478,-0.7999024246641884,-0.5639316008843057,-0.5453841961070904,-0.5451442340072605,-0.5440696136211618,1
2.27347770997666,-1.6211564346736818,0.40139773901935066,0.3473767108666185,0.9085306922595264,2.3478082183756506,-0.5339796418348801,2.051187653183596,0.4618798884064302,-2.338327462353098,-0.5283535671634731,-0.3299519462477402,0.03567045455155643,-0.143477961215369,-0.30126124044905345,-0.18853062391020864,-0.20289364661909198,-0.2062783950701826,0
-2.37083922705293,2.2060466495846724,-0.34680065432322005,1.6727130835811554,-0.7740308640778798,-0.5955620287975415,-0.21897363185254043,-0.9254075476989393,-0.332740300508138,-0.40011732229292984,0.04306403346001582,-0.25340350561773395,-0.7077657214358816,-1.29104312496373,-0.3051181543794958,0.11703284320991325,0.09928617615033024,0.09398642920225998,0
-1.059779364716093,2.3754883615376547,2.613987482221875,-0.9209981409991476,-0.3423937862065223,-0.47698502228242373,2.30635244384392,-0.7950661214211359,1.8429043123718232,2.0100859729261864,1.8648027522154897,2.219948170117498,2.141483820415604,0.5112691534619214,2.1290249630734026,-0.06808160193375809,-0.06745101443749393,-0.041545157178513877,0
0.36186820871326125,-0.6984518416992224,-0.09740756035135947,1.1786450375751096,2.828357732773632,-0.4704080058181064,-0.496108555421172,-0.475660621007635,0.9021703145113098,1.1323442260987184,-0.5214567422623391,-0.5077063554345611,-0.5310950540344824,-0.026427964269916285,-0.6149043109574153,0.030538177908364716,0.020555211315111826,0.0697812533421764,0
-0.06503061020865511,0.07980679846647667,0.3079001266522083,-0.29808340892425583,0.3338001030660354,1.2813468482186028,-0.5342288922708779,1.7682508916605828,-1.5194467803900717,-0.3014447480820399,-0.4951785735773324,-0.3940541514083578,-0.049039869396222804,-0.1446608054563789,-0.3541154618116776,-0.30604297935015945,-0.3254154256101701,-0.2963179621261452,0
0.2678831632046074,-1.0455401600398775,-0.5931767745683216,1.1234117750875947,2.670300479170958,-0.4940787424866556,-0.49966927612737855,-0.5145747662781638,0.7868208485001613,1.0287158100106004,-0.5431860555216872,-0.5178015779989504,-0.5675824662231864,-0.027472225055975706,-0.6266638727717401,-0.11228039048986396,-0.09441445045202959,-0.11118458085102342,0
-0.7425292287925318,0.14710862445130105,-0.4025976246036848,-0.9812658036060334,-0.5565330690295687,-0.6170717732946875,1.2513737154187556,-0.8412140025782318,-0.720582241658011,-0.19484597906669066,0.9485636931761536,0.8920041594189968,1.544099662367158,0.3718945551072919,0.8419416672472043,-0.5745249214017356,-0.5734620961144699,-0.5781626838212964,0
0.1383731410375469,-0.2947562169447235,-0.08087962232886094,1.1466709169687246,0.7486870430899727,-0.6338144652702875,-0.2542719967809,-0.5545684569429856,-0.0005051091966941942,0.08071419408758689,-0.6167867787273114,-0.47102321563181754,-0.4109384728554102,0.7444379465975738,-0.5726622355730345,-0.5626052272877092,-0.5553231109071078,-0.5596521706213066,1
1.0868169061545518,-0.2582003888576145,-0.232095122744172,-0.5204066768665232,-0.7768020208630055,-0.331207884592081,-1.1871575091639113,0.8032216663533529,0.4540954868584701,0.39182502131852215,-0.5680848034566747,-0.45287884668207484,-0.6742078030006764,2.091013579722014,-0.1576890137775534,-0.46479364058448425,-0.4680761550816902,-0.46486071495992676,1
-0.9113306192117114,2.1393738197028833,2.50834603051054,-0.9277332786415268,-0.38948468642688433,-0.498019364902467,2.2806895906967832,-0.8115674370796488,1.6810668482148583,1.836308999634327,1.8033452434997812,2.0520616301629278,1.9295823013921387,0.5073434741192573,1.9785458446493749,-0.023165779641336134,-0.013486114111164222,-0.0027082469557980866,0
0.28796584541335485,0.43097584977747316,0.6049886376486195,-0.3496736386409108,0.2517665341847084,1.028115145060503,-0.6312310535138705,1.690741645998345,-1.6245683485693214,-0.5344315703341084,-0.5092486734757977,-0.3880410167380571,0.010813017432703154,-0.14473348752656337,-0.34510237746672656,-0.4835890930139748,-0.4838638791111489,-0.47981688092519836,1
0.04628701841955684,-0.4715289661238363,-0.5629171822574082,-0.21862477381586876,-0.9848716379189534,-0.6229775929054265,-0.1822244411814888,-0.3551948831869211,-0.43721139453033214,-0.5252496198985298,-0.5194708139553542,-0.5413560327271988,-0.7533670273121351,-0.7924048678502521,-0.5445613843072993,-0.5507360551502373,-0.5442996470917718,-0.5497028505225013,0
0.08625358486702336,0.23030782046742368,0.4352237742104618,-0.3201935073149583,0.2986428592597525,1.172818975979275,-0.5758012470956666,1.7350326436791583,-1.5644988810383216,-0.40129624318657453,-0.5012086164301776,-0.39147709369251465,-0.023388632106027638,-0.14469195518720163,-0.35025271141636094,-0.40766449841558355,-0.41034513720542803,-0.4101929734347038,0
0.4392500404890333,0.5814768717538736,0.7323122851254147,-0.37178373711462265,0.2166092903784253,0.9195872720613741,-0.6728034083273051,1.657523398016921,-1.6696204492175715,-0.6342830654386429,-0.5152787162737389,-0.3854639590222139,0.03646425472289832,-0.14476463687634497,-0.34123962693759147,-0.47379175082337716,-0.4767712916240795,-0.48388206729749855,0
0.5983936879171912,-0.48015073640050593,-0.34872414112413236,2.20664900927855,1.2330098845239654,-0.5210150472289872,-0.7852667563298817,-0.23446903055708881,1.4193990507799576,1.598169717390643,-0.6153247021403335,-0.42436123220024446,-0.12526360949050647,0.7444379465975738,-0.4932730456907523,-0.5224215286535636,-0.5121320371402663,-0.5179968602724656,1
1.381874510518142,-1.295991137469972,-0.32044374072740567,0.0741675810449867,0.6465030657210746,1.977205605209062,-0.32780558221617123,1.8855821087125917,-0.3882683480635642,-1.6203046865039306,-0.5168386275964771,-0.35827510376375743,-0.06253561775963687,-0.14403948132421085,-0.3299570253330923,-0.34980173180488683,-0.34385508471646314,-0.3362520364840613,1
-0.7583610662420285,0.09666401444221494,-0.6860892013384357,-0.9884918468038278,-0.5109694497944259,-0.5987122824112108,1.0870948935953242,-0.8180592270760015,-0.41055225536948525,-0.5498107364466926,1.3171424664302684,1.0420788031925918,1.4514870549780214,0.3718945551072919,1.0549438445058499,-0.5668862023442153,-0.5633779647295338,-0.5648144969301788,1
0.5808084451732654,0.46430558050580756,2.469204825470612,-0.9340246345795266,-0.45542104003397943,-0.5273009428554131,2.220033183750421,-0.8318900702618136,1.4014857027237182,1.5552750395936819,1.7680690021139638,1.7323741653627438,1.5485021271176824,0.49966063128124416,1.7122035702916663,-0.030583911562271606,0.0017496196349910621,0.00156004728983551,0
-0.610607323532367,2.010183325608659,2.8056997831245827,-0.910673543683389,-0.2811801625693458,-0.44955712601881026,2.3273499466650103,-0.7722248066951921,2.026788667940182,2.217122939489582,1.9700796489539987,2.395877517626547,2.3747467713253063,0.5152790907282437,2.296812062742605,-0.01595932890775754,-0.02478321375579204,-0.0086839881956497,1
0.2461110116083444,-0.40205352329665234,-0.13340784932337788,-0.2160498182747456,0.3982948056341332,1.48215979339495,-0.3967465769109127,1.7803832570422753,-1.2794992527959035,-0.6156145836504501,-0.49950441739933593,-0.3876300576957715,-0.08309956311483335,-0.14455042584470176,-0.35251413974643697,-0.4123391793598361,-0.407088110944352,-0.4167550349423606,0
-0.6800472989715426,0.3941046928443805,-0.06826545391202367,1.2322608274937557,-0.9060717898989076,-0.7150329709110432,-0.07506676859415345,-0.9379636734331823,-0.5496898011696114,-0.7037588260654074,-0.028114329554409328,-0.3683115504608386,-0.7325593159864363,-1.5431771284768048,-0.41575002435939273,-0.1627812657138755,-0.20995270223418896,-0.19992929611112115,1
-0.9474863544201614,2.2841621025554057,2.661915557447552,-0.918416991670208,-0.32709038029722814,-0.4701280482165204,2.3116018195491916,-0.78935579273965,1.8888754012639128,2.061845214567035,1.891121976400117,2.2639305069947597,2.1997995581430296,0.5122716377785018,2.1709717379907034,-0.06915861927120194,-0.06402431943772934,-0.04276791249385626,0
0.17552577558944357,-0.4853033986252554,-0.29811144302005416,2.3190214968570353,1.2167178605324234,-0.49030007466666786,-0.8369420179040479,-0.24033312594946704,1.5871276882087195,1.5832562880350571,-0.6154104368457106,-0.4219895918219464,-0.21994625180342597,0.7444379465975738,-0.48241151232578866,-0.4245034546228568,-0.4350569237476169,-0.4430150723769625,1
0.527356240778878,-0.7351234162443571,-0.25491140951047303,-0.02801676455712561,-0.9792253002911859,-0.5973758501352495,-0.22555975583749563,-0.25183453227709374,0.34773345757423557,0.3578246562073292,-0.5080118384183747,-0.5365039088835122,-0.7024731196583867,-0.790601296568515,-0.5307675665391606,-0.5216450309029383,-0.5186852943732547,-0.5225610676845682,1
-2.7102412921408976,2.9394879591102336,-0.38817037707088653,1.9872294784276157,-0.7048080914891418,-0.536226330182304,-0.2638850693033336,-0.914668360345749,-0.12544160421357572,-0.12690198833759464,0.12039136978838649,-0.17948656539171787,-0.6786676595321397,-0.9967300710039306,-0.22606808641965065,-0.02998414038393029,-0.026053127629008636,-0.04138087427622911,0
0.2918642544738408,-0.5092507554497917,-0.10016461867106964,0.190767807581659,1.6635291764542532,-0.6328535502540711,-0.5457033483517701,-0.6221599219885616,0.44749612151627866,0.553266272851938,-0.566145640686273,-0.532662073705261,-0.38767424965294395,0.00764799229205464,-0.6480831775851728,-0.021945779431022987,0.007501860313451875,-0.0014102898826375738,0
0.2866801723063382,-0.9761224963717464,-0.49402293172492906,1.1344584275850982,2.7019119298914926,-0.48934459515294576,-0.4989571319861373,-0.506791937224058,0.8098907417023913,1.0494414932282243,-0.5388401928698175,-0.5157825334860726,-0.5602849837854457,-0.027263372898764078,-0.6243119604088752,-0.04266028038066231,-0.057674760940989715,-0.07355358751905659,0
0.2824119902370992,-0.5047208958374493,0.231382797859512,-0.35335894240451027,-0.9110269329879004,-0.7328991169262491,-0.2985320910828139,-0.5007111080650122,0.12355263602176625,-0.057461492894251766,-0.5088395246512389,-0.5558838282357949,-0.6568348795324994,-0.8052578223884286,-0.5775968468668252,-0.552872572999876,-0.5468113815627443,-0.5493439247568324,0
1.1832152395634288,-0.7765027938705079,-0.28141444719422437,-0.6597347205829467,-0.7890366980953607,-0.5198466479777749,-0.9032298726057998,0.580077133570145,0.1603961897704417,0.0786122709483395,-0.5905423084483578,-0.48981295856224566,-0.712189020736151,2.091013579722014,-0.22637737092447996,-0.5492323182840252,-0.5448727218942856,-0.5487554317779165,1
-1.5139144880747506,-0.036491315070825016,-2.160999104945086,-0.9864873583021924,-0.46037036098650147,-0.5696958166797292,0.9982934751853688,-0.7767061184739664,-0.045163567807259226,0.012635446936331982,1.4857404149131574,1.1826260165906675,1.1403153659373777,0.3718945551072919,1.2079086013980664,-0.5405605543318627,-0.5392309169807529,-0.5367837617740495,1
1.2395308869560728,-0.6010919256735351,-0.25875506211035604,-0.5662944074876675,-0.7787648308727262,-0.4007245716103834,-0.9780015810822509,0.7183534375491378,0.32615856445243835,0.3900211776346765,-0.5738490433360868,-0.46467102015328876,-0.6927680265738196,2.091013579722014,-0.18081098558725692,-0.5206033941637237,-0.5109703505424349,-0.5158928054722856,1
-0.6081763556162922,0.11965922919998889,-0.2512971566951238,-1.00262121776837,-0.9351390083614858,-0.19464275470424028,-0.45858729302099627,-0.647381098702529,-0.7966270477795975,-1.0889742154336377,-0.41764751387188803,-0.618489318295553,-0.7414510595558254,-1.4887100547688177,-0.6906058210444165,2.519969853670408,2.398367015612856,2.519753986462273,1
-1.0416935993597014,0.046730765862551676,-1.2391804149363717,-0.9877401636572193,-0.49199479112987327,-0.5878311077903977,1.0537943615824177,-0.8025518113223198,-0.27353149774457647,-0.3388934176140296,1.380366697042722,1.0947840094664374,1.3347976713608685,0.3718945551072919,1.1123056273367922,-0.5518174654619861,-0.548396598196987,-0.5524561405191795,1
0.035825519841797264,0.18014081314359331,0.39278255841201637,-0.3128234745457273,0.3103619405285134,1.2089949331391172,-0.5619437954961376,1.746105393378547,-1.5494815141555718,-0.3680124116558069,-0.49919860212759454,-0.392336112931129,-0.0319390445360926,-0.14468157181658034,-0.35154029483686033,-0.3990552992857513,-0.3984955775715751,-0.3996070118780224,0
0.28796584541335485,0.43097584977747316,0.6049886376486195,-0.3496736386409108,0.2517665341847084,1.028115145060503,-0.6312310535138705,1.690741645998345,-1.6245683485693214,-0.5344315703341084,-0.5092486734757977,-0.3880410167380571,0.010813017432703154,-0.14473348752656337,-0.34510237746672656,-0.29681294156087834,-0.29321437745488216,-0.3076470726015766,0
0.2928133561000127,-1.045181402665899,-0.8019048874952834,0.7882448446864821,2.1588321017631684,-0.5511515186763799,-0.5264418648334791,-0.5802649360096722,0.638675097704148,0.7863514041710502,-0.5443162332142434,-0.5260676902873596,-0.5082851849911423,-0.012743531336907804,-0.6363040576760937,-0.03561499640466668,-0.030633090118221934,-0.039414789639103,0
-0.2084072126814041,0.10372209372984166,-0.19535894980486015,-1.0014028933195123,-0.8728083775730862,-0.08670361103302217,-0.41387404662837857,-0.44244701145488163,-0.43270986656237753,-0.6908086232617566,-0.37415480464026607,-0.6130276452504914,-0.7456318215953577,-1.4876265044807617,-0.6570945903306462,3.2196277209340045,3.3418272176732584,3.2267232040231533,0
-2.29121679597239,1.9237189465585662,-0.2838923533590638,1.5962316807949177,-0.806785726633956,-0.6312348225435226,-0.17944882581273275,-0.9293614997486345,-0.4286291953180507,-0.5297150982576101,0.014423320399619499,-0.281191525279623,-0.7132070795805603,-1.459132460639113,-0.33475914283593533,-0.01556327220988442,-0.07955250080983524,0.0026321832438417282,1
0.07325257160749216,-0.5216404601665778,-0.598826613644507,-0.23075968096266836,-0.9825241798695785,-0.6297876346393705,-0.19286414343230066,-0.3632222786585784,-0.380031634780052,-0.45304169403267514,-0.5208064086232861,-0.5405650399350101,-0.7538385708950147,-0.7924048678502521,-0.5446211023041416,-0.5503608595527935,-0.546237827598082,-0.5468685232237493,0
-3.0103355081864325,3.2985397029550483,-0.285090671161476,2.258240388383434,-0.6869554468157352,-0.5408638658426481,-0.22749960962502822,-0.9089387034464135,-0.06620190864775234,-0.05727314931187741,0.16120050249740225,-0.1415547066651528,-0.6493041318063085,-0.9964949962121128,-0.18530057917803636,0.021811706716731015,0.026393274826866476,0.06003255510573625,1
1.1648377882022205,-0.7687792763038287,-0.2818162884443221,-0.6664750942109029,-0.7900222381034535,-0.5275652368584135,-0.911521581829183,0.5714486735093222,0.15213187213958726,0.04415444351365488,-0.5919396363275456,-0.49167062049092236,-0.7128738753594936,2.091013579722014,-0.22960522550086152,-0.5471578514574832,-0.5453291376689364,-0.5436337189341677,1
0.6077739298340077,-0.8145231828499995,-0.25659797727757794,-0.018973003547345307,-0.9762504713889246,-0.6013412537667336,-0.24101449303067748,-0.24837744428950934,0.4921293121902908,0.528151945914202,-0.5080742135882983,-0.5351737912253565,-0.6972897846312248,-0.790400899801771,-0.5292946381470583,-0.5065939873397516,-0.5059002517059182,-0.511042742114852,1
-0.7229003338282984,2.101509584590908,2.757771707898906,-0.9132546930123288,-0.29648356847864,-0.4564141000847136,2.3221005709597375,-0.777935135376678,1.9808175790480924,2.1653636978487336,1.9437604247693716,2.351895180749284,2.316431033597881,0.5142766064116633,2.2548652878253046,-0.026301015586557796,-0.004447719926295018,-0.021948981271587353,0
0.23965773736364124,-0.5604722451474982,-0.08126310408323215,-0.3246274293473943,-0.932511890597892,-0.7053386645139131,-0.27394914408767523,-0.4629088937345248,0.012870972546419815,-0.11711363441602624,-0.5141640806614879,-0.5499865726766778,-0.6896409869210369,-0.8009735042090365,-0.5666646500540459,-0.5486163398525715,-0.5415038717173025,-0.5471990858963179,0
1.0241239468423673,-0.46727028928452347,-0.16542174534236978,1.5869364016193894,0.9108903884091001,-0.5920599871421273,-0.28297174158997285,-0.4376525825898955,0.47300020862615527,0.559816140382861,-0.6077530606401924,-0.452816584906348,-0.21018954850452887,0.7444379465975738,-0.5426716502903572,-0.5414293903505155,-0.5384551410018856,-0.538479738262808,1
0.2375377803881286,0.3808088424683707,0.5625474220945496,-0.3423036057886702,0.2634856154534693,1.0642911029801463,-0.6173736019117214,1.7018143956977339,-1.6095509816865716,-0.5011477385472249,-0.5072386592281186,-0.3889000359766715,0.0022626050026380547,-0.14472310453698323,-0.34638996088722585,-0.47330480901642247,-0.47578562226401105,-0.48400587842796505,1
-0.5466793671438744,0.12262822969916659,-0.24144819245212304,-1.0027323228281713,-0.9258150396376977,-0.18064838140074052,-0.45372858884226297,-0.6120405261544153,-0.7469480316978268,-1.03551298541525,-0.41160841190574476,-0.6177459346601272,-0.7422712932305151,-1.4887100547688177,-0.6853662074597617,2.8434528861904225,2.926046386206422,2.852612596669068,0
0.31487568595893434,-0.8719960008695499,-0.3452921674598405,1.1510284063313523,2.7493291059722953,-0.48224337415238105,-0.4978889157742753,-0.4951176936428993,0.8444955815057356,1.08053001805466,-0.5323213988920131,-0.5127539667167558,-0.5493387601288344,-0.026950094662945814,-0.6207840918645776,-0.03534579966783982,-0.040240175606689486,-0.03297974113445162,1
0.39429106212514325,0.6736891104054421,2.474097476100603,-0.9332382150872767,-0.44717899583309245,-0.5236407456112948,2.2276152346187166,-0.829349741114043,1.4364333459101102,1.590404284598762,1.7724785322871908,1.7723350984627664,1.59613714890199,0.5006209866359957,1.74549635458638,-0.021011724281327332,-0.015128393993990463,-0.002067721272920948,1
-0.4851823786714565,0.1255972301983443,-0.2315992282091223,-1.0028434278879728,-0.9164910709139098,-0.16665400809724076,-0.4488698846635298,-0.5766999536063016,-0.6972690156160563,-0.9820517553968624,-0.4055693099396015,-0.6170025510247015,-0.743091526905205,-1.4887100547688177,-0.6801265938751071,3.064557817800097,3.0569406410756517,3.071199749211395,0
0.28506978326554094,-0.3409444539395501,0.14998202946790087,0.039626614162067544,1.56951811641606,-0.6523336898383364,-0.5482630362556659,-0.6275460520293169,0.40229955280088253,0.5084065953932598,-0.5738985076153663,-0.5339347099889272,-0.3573364954542534,0.012232197075593256,-0.6509298068079785,-0.07913447003767002,-0.08286666632547451,-0.08386675399160008,1
0.2375377803881286,0.3808088424683707,0.5625474220945496,-0.3423036057886702,0.2634856154534693,1.0642911029801463,-0.6173736019117214,1.7018143956977339,-1.6095509816865716,-0.5011477385472249,-0.5072386592281186,-0.3889000359766715,0.0022626050026380547,-0.14472310453698323,-0.34638996088722585,-0.28463629377377064,-0.2705233540793772,-0.27328764438650033,0
0.4171645826338706,-0.4823590202111128,-0.32703298479381315,2.254808646812187,1.2260275885275902,-0.5078514875594218,-0.8074132970045244,-0.2369822142966795,1.491282752535141,1.5917782476668203,-0.6153614455854952,-0.42334481489525955,-0.1658418847674721,0.7444379465975738,-0.4886181028200537,-0.4918037910778559,-0.4887365882690055,-0.4926252034858364,1
0.8584416401496935,-0.47621275111617933,-0.3564232891423391,2.0868861834722705,1.209176690108129,-0.5439158128237798,-0.7084614060463198,-0.25177156527286054,1.2384987244583567,1.5020041233584525,-0.6145234458561255,-0.42842646823683667,-0.08506227305955036,0.7444379465975738,-0.5037988375955512,-0.5260204526937863,-0.5194957984359778,-0.5239279005694087,0
-2.4703672659036044,2.5589562783673045,-0.42543603052841533,1.7683148370639519,-0.7330872858827845,-0.5509710366150651,-0.2683796394022999,-0.9204651076368203,-0.21287918199574718,-0.2381201023370796,0.07886492478551123,-0.21866848104037248,-0.7009640237550332,-1.080931455369501,-0.2680669188089465,-0.04310015766060294,-0.061867431154331215,-0.04413923890964373,0
1.195898321012781,-0.5031229151547006,-0.2511379365771606,-0.5531836273101977,-0.7782040280128061,-0.38086266103372557,-1.037760417677011,0.7426015029217709,0.3627119708541616,0.3905365615443468,-0.5722021176562548,-0.461301827732942,-0.6874651055529216,2.091013579722014,-0.17420470792734152,-0.5103747208894078,-0.503047390175488,-0.5037054690849271,1
0.17379707441806996,-0.31571486030766077,-0.05363449735311656,-0.23098253000021865,0.38773968108500106,1.4492323960955695,-0.421471549647279,1.780171334129163,-1.3244852849606858,-0.5461238500769451,-0.49823724579638023,-0.38908668035265526,-0.07799770689343016,-0.14457042516912116,-0.35309192084358504,-0.30162068111543444,-0.29266305834590767,-0.3026419772182047,1
0.8215570497140979,-0.46954662370438405,-0.24722548284024287,-0.7086019185577672,-0.8323136419261733,-0.594935309515327,-0.8073176950127332,0.44215578157406177,-0.052465803481802534,-0.5249387345320581,-0.596272220658543,-0.5000978910822138,-0.7158116775746276,2.091013579722014,-0.2557882728073639,-0.5633327503873286,-0.5556549729397898,-0.5608827601878319,1
-0.014602545183429003,0.12997380582467224,0.35034134253211235,-0.30545344169348687,0.3220810217972745,1.2451708910587607,-0.5480863438878747,1.757178141961194,-1.5344641472728218,-0.33472857986892346,-0.4971885878799155,-0.39319513216974344,-0.0404894569661577,-0.1446711888270002,-0.35282787839117824,-0.28649011919732026,-0.2875040511735962,-0.2815570717422561,0
0.4630528240700212,-0.6610695122636269,-0.37272790547853746,-0.1712516830983266,0.4299601778352056,1.5809419852930917,-0.32257165870181365,1.7810190268983543,-1.1445411563634276,-0.8240867841148494,-0.503305932263107,-0.3832601900583383,-0.09840513177904307,-0.14449042787144356,-0.3507807964549931,-0.43306358941542533,-0.42354465265127117,-0.4320458893470851,0
0.1515365295842166,0.9490972144940534,2.888665307402132,-0.8650399499231698,-0.010603759886190195,1.492101794851719,2.8493003412534086,-0.7065980335182303,2.6094025956875657,2.2462829119109102,2.9890237959411476,3.217160466979608,2.9599436455282397,0.7587961468508924,3.207965461570376,0.05229781370046452,0.0958521941431651,0.08086815335011396,0
0.25848465865374204,-1.0802489918739429,-0.6427536959900177,1.1178884488388436,2.654494753810691,-0.4964458161535106,-0.5000253481979993,-0.5184661808052166,0.7752859018990466,1.0183529684017893,-0.545358986847622,-0.5188111002553895,-0.5712312074420568,-0.02757665113458161,-0.6278398289531726,-0.07269545476809622,-0.10400351919117802,-0.04213175485408666,0
0.17379707441806996,-0.31571486030766077,-0.05363449735311656,-0.23098253000021865,0.38773968108500106,1.4492323960955695,-0.421471549647279,1.780171334129163,-1.3244852849606858,-0.5461238500769451,-0.49823724579638023,-0.38908668035265526,-0.07799770689343016,-0.14457042516912116,-0.35309192084358504,-0.42544776670521756,-0.42650170389640807,-0.4337999055898151,0
1.0057148016542927,-0.46826389615470754,-0.18664413909792194,1.6424863773808205,0.9440333108201034,-0.5867106344400885,-0.3302483709740114,-0.416999136221336,0.5580555992741776,0.6645036940468155,-0.6085053256641849,-0.450106571943069,-0.1962865178995313,0.7444379465975738,-0.5383524488798231,-0.5381274841416716,-0.537815131471491,-0.5416447189867809,1
0.27823762210096736,-1.0684402096799355,-0.7653801308007603,0.8962849373210192,2.3187844106589193,-0.5337053090577084,-0.5177550499785261,-0.5609624891172046,0.6803670502354092,0.8602309783783593,-0.5453881282006812,-0.5239853343621825,-0.5304834395477372,-0.01772271329566771,-0.6338746334955974,-0.038836788405123245,-0.040259339871385164,-0.05597722186163641,0
0.28610317316806216,-0.4969241164274299,-0.24985170620997285,-0.05514804509618092,-0.9881497869015484,-0.5854796392407973,-0.17919554434528845,-0.2622057963515212,-0.08545410683639937,-0.1531572129132892,-0.5078247129635082,-0.5404942618746404,-0.718023124758025,-0.7912024872497881,-0.5351863515816488,-0.5412042836079246,-0.5341675279802233,-0.5409305082346301,1
-0.04431199578383033,0.017677725154842654,-0.1906418736615016,-0.9965244872454706,-0.8433449034195778,-0.004116703027770627,-0.36589971753615225,-0.41428450950015727,-0.19088961918242692,-0.4131317510730915,-0.34674774219270854,-0.6093661437832375,-0.7447504264719932,-1.484737037045946,-0.6445789743355278,3.944071502687291,3.765547501777248,3.6030569593468402,0
-0.18789531056920739,0.09296654765796677,-0.1947693152869403,-1.000793092560257,-0.8691254433038977,-0.0763802475323656,-0.40787725549185033,-0.438926698710541,-0.4024823356398837,-0.6560990142381734,-0.3707289218343213,-0.6125699575670845,-0.7455216472049371,-1.4872653210514097,-0.6555301383312565,3.256769349267717,3.4706007441903814,3.4529636809190105,0
1.483193055901032,-1.3329417396034595,-0.2384162998535721,0.10521407318336687,0.6762789322855156,2.0193195389033476,-0.35123445261547837,1.904400920127448,-0.29166059365079533,-1.7018981836198182,-0.5181471434476282,-0.3550565631558701,-0.05137583691007349,-0.14397567217763324,-0.3266961406963028,-0.19575373903235538,-0.18896515477863055,-0.17309788475821594,0
0.10148313678236881,-0.22937619756413483,0.026138854698603248,-0.24591524131064404,0.37718455701797693,1.4163049980363875,-0.4461965224709838,1.7799594112160504,-1.3694713170692214,-0.47663311675955583,-0.4969700741934245,-0.39054330284293004,-0.07289585049049749,-0.14459042449354054,-0.35366970207455156,-0.4311937302238207,-0.4374941598195163,-0.4195820995866628,0
1.2613471699277186,-0.6500764309329524,-0.2625636248769537,-0.5728497975764024,-0.7790452323026862,-0.41065552689871226,-0.9481221627848709,0.7062294048628216,0.3078818612515765,0.38976348567984176,-0.5746725061760029,-0.46635561636346223,-0.6954194870842687,2.091013579722014,-0.1841141244172146,-0.5255463859768432,-0.5222196193082265,-0.5247073426120394,1
0.9360729110115966,-1.133408488868117,-0.6813644805804193,-0.06243698386582902,0.5154892524518488,1.7919042993855696,-0.2247185524068167,1.8027793353603485,-0.8133424661298205,-1.261293298451289,-0.511081157785527,-0.3724366824384615,-0.11163865400599825,-0.1443202411881112,-0.34430491770820254,-0.41483234070610586,-0.4191305328296086,-0.42870294870919234,1
-0.6639168885569241,0.11330843061907164,-0.5017254634181513,-0.9887424079080371,-0.5172943355338355,-0.6023393406181483,1.0981950712240878,-0.8232283656233373,-0.45622584124445487,-0.6201165093055419,1.2960677230757975,1.0245104027674,1.4903835167888373,0.3718945551072919,1.035823248890684,-0.5635071892378815,-0.5623102288560053,-0.5608538335475257,1
0.7575240754019872,-0.4081994903934047,-0.23927074298371565,-0.7134698526606553,-0.8410547049924937,-0.6047607108519932,-0.7786334695712666,0.4191763345178861,-0.09242240853265299,-0.6284320002524267,-0.5963034652570839,-0.5007321765944942,-0.7160079527624288,2.091013579722014,-0.25945482471344317,-0.5651060038865994,-0.5610196110043955,-0.5666270634836542,0
1.3302348504530936,-0.8382909344039421,-0.2781997171934424,-0.605811731559298,-0.7811523780306192,-0.4580979369326665,-0.8368961988187341,0.6491048140567325,0.22651073081727566,0.3542748904258165,-0.5793636854148547,-0.4749516631328325,-0.7067101837494077,2.091013579722014,-0.20055453431342682,-0.5362058696278974,-0.5283008522884994,-0.5350409268435787,0
0.30547718140806895,-0.9067048327036153,-0.3948690888815367,1.145505080082601,2.7335233806120276,-0.48461044781923596,-0.498244987844896,-0.49900910816995225,0.8329606349046208,1.0701671764458478,-0.5344943302179479,-0.5137634889731948,-0.5529875013477048,-0.027054520741551902,-0.6219600480460101,-0.035045693317678234,-0.014593807452210682,-0.03498653972225323,0
0.39073888643432,-0.5747308492746354,-0.29295455341052584,-0.18618439482379964,0.4194050537681815,1.5480145879937113,-0.34729663143818,1.7808071039852416,-1.1895271885225853,-0.7545960505413444,-0.5020387606601513,-0.384716812548613,-0.09330327555763988,-0.14451042719586296,-0.35135857755214106,-0.44223766202462217,-0.43130152092477236,-0.43592535115427683,0
0.3077180206265399,-0.9019654589736892,-0.683840130995334,0.5434305922273719,1.8828883165433705,-0.5873998912241187,-0.5397307432426802,-0.6095922852267992,0.5529547818522023,0.6579388535888531,-0.5480556178517219,-0.5296925890433731,-0.4584623427832219,-0.0030484855362021275,-0.6414410427319591,0.04462822631714435,0.06468803640941859,0.0733944442951104,0
0.10969889641307827,0.21094319257604255,2.4467360533733014,-0.8168002401222971,0.27543822242047916,4.806006974067828,3.698408679393515,-0.6617027068067498,3.065831130317389,1.6632621535478336,4.449765556906977,4.115622001601007,3.2696703882224094,1.1726705621874156,4.2886359167820425,-0.032621327997111635,-0.01888152229158371,3.80990072596769e-05,1
-0.22891911479360083,0.11447763980171652,-0.19594858432277995,-1.0020126940787675,-0.8764913118422748,-0.09702697453367873,-0.41987083776490697,-0.4459673241992222,-0.4629373974848714,-0.7255182322853397,-0.3775806874462107,-0.613485332933898,-0.7457419959857782,-1.4879876879101137,-0.658659042330036,3.0548502385851957,3.0771037046833998,2.9387343028182347,0
0.2503463006933624,-0.5465344080654515,-0.0031016286382753856,-0.33181030759092084,-0.9271406512194995,-0.7122287776169971,-0.2800948808364599,-0.47235944734506524,0.04054138813402185,-0.10220059890752453,-0.5128329416726516,-0.5514608865747875,-0.6814394600829791,-0.8020445837538844,-0.569397699223786,-0.5494095670068967,-0.5409503177342893,-0.5444521719478851,1
-1.4961290769882505,0.09458390143528277,-1.8837811511172826,-0.9848828479711447,-0.4088607552956791,-0.5514051754302222,1.0570475173115337,-0.7779932917850658,0.13678096085341335,0.2724819272069106,1.544190629203254,1.2793125097207205,1.0508847894593356,0.3718945551072919,1.2992259710469125,-0.52455129693325,-0.5192033028328049,-0.5258732465339234,0
1.6047753102714146,-1.3772824617708994,-0.1399833707805343,0.14246986308534695,0.7120099723556876,2.06985625888061,-0.37934909707717923,1.9269834942719721,-0.1757312888054483,-1.7998103804662224,-0.519717362447048,-0.35119431425979636,-0.037984099817985645,-0.1438991012017401,-0.32278307907862797,-0.3400715609772892,-0.3374067205959256,-0.3423791606315203,1
0.5379839861560847,-0.48088683100404156,-0.3414937556806926,2.222702221789762,1.2306824525251736,-0.5166271940057987,-0.7926489365547627,-0.23530675847028568,1.4433602846983522,1.5960392274827022,-0.6153369499553875,-0.4240224264319162,-0.1387897012494951,0.7444379465975738,-0.49172139806718607,-0.5203873488792728,-0.512074651188607,-0.5185494336198816,1
0.27172342690737805,-0.5186587334104271,0.1532213223330967,-0.34617606416098357,-0.9163981724145036,-0.7260090038231651,-0.29238635433402926,-0.4912605544544718,0.09588221987169496,-0.07237452840275324,-0.5101706636400751,-0.554409514354346,-0.6650364063887103,-0.8041867428435806,-0.574863797697085,-0.5471600934644157,-0.5447990779425705,-0.5505982150259321,0
0.8535735368701532,-0.5002201903598738,-0.25120285276850646,-0.7061679515063233,-0.8279431103930129,-0.590022608846994,-0.8216598077334665,0.4536455051021493,-0.0324875009563772,-0.47319210167187375,-0.5962565983592727,-0.4997807483260736,-0.7157135399807271,2.091013579722014,-0.25395499685432416,-0.5642023358880872,-0.5569117340578854,-0.5602866614698184,1
-1.5994659601319736,0.012401876980825616,-2.2067538657885515,-0.9854345420739641,-0.42829067191957276,-0.556923437886028,1.0165703190563797,-0.7721805665263431,0.09148228267928128,0.21286446018658625,1.5360402656871968,1.248537665246976,1.0567036167951882,0.3718945551072919,1.2726878804994701,-0.5345803204458756,-0.5285172478704646,-0.529624285155769,0
1.1589737107648692,-1.2146998131690445,-0.5009041106742771,0.005865298174531218,0.5809961590864615,1.8845549522973155,-0.27626206726782476,1.8441807220364703,-0.6008054070404455,-1.4407989924391924,-0.5139598926910021,-0.3653558931011095,-0.08708713588281755,-0.14417986106564046,-0.33713097145373816,-0.37159153588633104,-0.37483928869652183,-0.38557491104676556,0
0.35246970416239587,-0.7331606735332878,-0.14698448177305562,1.1731217113263586,2.8125520074133648,-0.47277507948496134,-0.4964646274917927,-0.47955203553468784,0.8906353679101954,1.1219813844899074,-0.5236296735882738,-0.5087158776910001,-0.5347437952533528,-0.026532390348522374,-0.6160802671388478,0.052765525487280904,0.08465435271982394,0.06493067776931463,0
1.3514789468141895,-1.284905956928112,-0.3450519729651182,0.0648536331544441,0.6375703059445857,1.9645714257845976,-0.3207769210789114,1.87993646461809,-0.417250674274901,-1.5958266372411063,-0.5164460727917181,-0.3592406659461236,-0.06588355203265889,-0.14405862406818412,-0.3309352906706018,-0.1946570317119726,-0.1844839608359941,-0.19901161671798112,0
-0.5159308729076655,0.12411272994875545,-0.2365237103306227,-1.0027878753580721,-0.9211530552758037,-0.1736511947489907,-0.4512992367528964,-0.5943702398803584,-0.7221085236569416,-1.0087823704060563,-0.4085888609226731,-0.6173742428424144,-0.74268141006786,-1.4887100547688177,-0.6827464006674344,2.942170270688946,3.0354952840399436,3.0014987056133693,0
0.13668164989224946,0.2804748278010727,0.47766499009036595,-0.32756354016719874,0.2869237779909914,1.1366430180596319,-0.5896586987039294,1.7239598939797696,-1.5795162479210718,-0.434580074973458,-0.5032186306778565,-0.3906180744539003,-0.014838219675962537,-0.14470233817678177,-0.3489651278620431,-0.3958609353921478,-0.40901662250597187,-0.4025166063958366,0
1.326796018842656,-0.7970299467112042,-0.2739893131767469,-0.5925159678426071,-0.7798864365925664,-0.44044839276369907,-0.8584839078927309,0.6698573068038721,0.2530517516489915,0.3889904098153363,-0.5771428946957509,-0.4714094049939825,-0.7033738686156158,2.091013579722014,-0.19402354090708746,-0.5371114615635673,-0.5297329683448644,-0.5332620408866765,1
0.20759204781990442,-0.6022857568845693,-0.3157475305077069,-0.3030787945338049,-0.9486256088294913,-0.6846683252806416,-0.2555119337539828,-0.4345572329029038,-0.07014027534132458,-0.16185274017318305,-0.5181574976279967,-0.5455636310156706,-0.7142455674715166,-0.7977602655744923,-0.5584655025448252,-0.5376164550624457,-0.5362837541271968,-0.5328209319494102,0
-0.16526108701922299,1.3018397001043456,2.4887754279905754,-0.9308789566105268,-0.4224528632304318,-0.51266015387894,2.2503613872236023,-0.8217287536707313,1.5412762754692881,1.695792019614004,1.7857071228068724,1.8922178977628354,1.739042214254911,0.5035020527002507,1.8453747074705198,0.046711635415376755,0.049687755625975924,0.03012291015262515,0
-0.5254434752352513,0.11809731288548889,-0.2601798973178989,-1.0089925182666406,-0.9582542327093382,-0.250546605626382,-0.47385002000280774,-0.670088748064144,-0.8301121410786777,-1.128936169652866,-0.42138039449723447,-0.6223018700270493,-0.7405897723059978,-1.4887100547688177,-0.6978708709218179,2.407114567511409,2.4114593987047064,2.351557376561652,1
1.2177146039844269,-0.552107420414118,-0.2549464993437583,-0.5597390173989325,-0.7784844294427661,-0.39079361632205445,-1.0078809993796312,0.7304774702354542,0.3444352676533,0.39027886958951163,-0.5730255804961708,-0.46298642394311534,-0.6901165660633707,2.091013579722014,-0.17750784675729928,-0.508710382152883,-0.5077615868683115,-0.5149132739189437,1
-1.0827815450369538,0.4233119992531114,-0.5918902935726271,-0.9826760716428766,-0.33114108880010457,-0.5293321258349388,1.2189563094587648,-0.8012441929316304,0.31797567523734954,0.5109517960565559,1.5767920827184434,1.4024118876156995,1.0276094783006322,0.3718945551072919,1.405378333236683,-0.49602769664016355,-0.4966338139661632,-0.49561406745413944,0
-0.5236650232393633,0.14669023782990562,-0.18201610340495353,-0.9877930343344635,-0.5347784642689386,-0.610953150932499,1.1442096597222422,-0.8349570718444173,-0.5790292364082325,-0.657840405035588,1.1983992279649605,0.9716700641153158,1.5637988422572466,0.3718945551072919,0.9692838076559851,-0.5622310735117536,-0.5597397646318042,-0.5619201670636317,0
2.141763600889817,-1.5731206519983343,0.2947620658670753,0.30701627083769556,0.8698220654364887,2.2930601052569,-0.5035221102983132,2.026723197674238,0.33628980778232465,-2.2322559160256095,-0.526652496562467,-0.3341360490379937,0.021162739247441553,-0.1435609131059199,-0.3055003904233524,-0.16158017909680442,-0.15617480810971376,-0.15679028601390127,0
0.7796227932005115,-0.477942452589899,-0.3704152974544516,2.158489371744914,1.2399921805203402,-0.5341786068985527,-0.7631202156552391,-0.23195584681749803,1.3475153490247738,1.6045611871144658,-0.6152879586951719,-0.4253776495052293,-0.08468533421354124,0.7444379465975738,-0.49792798856145115,-0.5233082245290595,-0.5171240998232365,-0.5244068059622015,0
1.4933249106174917,-1.3366367996204358,-0.23021355575804292,0.10831872248021446,0.6792565190383812,2.023530932044836,-0.35357733969034444,1.906282801492282,-0.2819998184345062,-1.7100575333570185,-0.5182779950492146,-0.35473470909508137,-0.05025985869804658,-0.14396929126297547,-0.32637005220586013,-0.3521072938825221,-0.3401580070698137,-0.3531430185811416,1
-0.6452562485491538,0.14692267484015553,-0.3045613929815265,-0.9841667950039982,-0.5468643559633246,-0.614352385569717,1.2037452463173477,-0.8384331444370895,-0.6576697948865812,-0.4006212795542263,1.0596017088818632,0.9274112281914284,1.5528548532277202,0.3718945551072919,0.898538173946864,-0.5737880065189501,-0.5685782116128643,-0.5738783142261485,0
0.19690348449018327,-0.616223593966616,-0.3939090059445178,-0.29589591629027834,-0.9539968482078837,-0.6777782121775575,-0.24936619700519808,-0.4251066792923635,-0.09781069092892661,-0.17676577568168475,-0.5194886366168329,-0.5440893171175609,-0.7224470943095745,-0.7966891860296442,-0.555732453375085,-0.5411803055303298,-0.5364489789207226,-0.5406125381940169,0
0.019321464786194623,-0.42141747159016363,-0.5270077508703094,-0.2064898658389739,-0.9872190959201175,-0.6161675511714828,-0.17158473901801535,-0.34716748782693796,-0.49439115484308155,-0.5974575455082686,-0.5181352192874223,-0.5421470255193874,-0.7528954837111027,-0.7924048678502521,-0.5445016661766384,-0.5470248494271729,-0.5414282698703358,-0.5464710234853549,0
0.38882197546380703,0.5313098644447712,0.6898710695713446,-0.36441370426238223,0.22832837164718642,0.9557632299810176,-0.6589459567190423,1.668596146599568,-1.6546030823348217,-0.6009992336517594,-0.5132687020260599,-0.3863229782608283,0.02791384229283322,-0.14475425388676483,-0.3425272104919093,-0.30457942765289375,-0.28956490434581866,-0.2917077628073591,0
-0.941940345881639,0.625513093211236,-0.09896091207285067,1.2865491861450962,-0.8922536845677553,-0.7040393456619549,-0.08917004429393267,-0.9368594738232322,-0.5375037747618441,-0.6855513527611645,-0.023411447317104334,-0.35610721456912675,-0.7297873897641802,-1.5431771284768048,-0.4047216264768531,-0.11504416871090728,-0.1068726070042736,-0.11287545362466615,1
0.6588033896782979,-0.4794146417969702,-0.35595452656757215,2.190595796767338,1.2353373165227568,-0.5254029004521756,-0.777884576105001,-0.23363130264389187,1.395437816861563,1.6003002072985841,-0.6153124543252797,-0.42470003796857275,-0.11173751773151824,0.7444379465975738,-0.49482469331431855,-0.5237776461569726,-0.5135091566289557,-0.5184020865549964,1
-0.08854074841097392,-0.2209714941918696,-0.38337002524045544,-0.15795023642168027,-0.9966089280211954,-0.5889273843116878,-0.12902593018944472,-0.3150579060519828,-0.7231101948566468,-0.8862892482033393,-0.5127928406156945,-0.5453109966881423,-0.7510093093069728,-0.7924048678502521,-0.5442627939216319,-0.5455677858459758,-0.5394163211857788,-0.5422259166002263,0
0.7673258282213874,0.25492205060617307,2.4643121748406207,-0.9348110540717767,-0.4636630842348663,-0.5309611400995313,2.2124511328821255,-0.8344303994095842,1.366538059537325,1.520145794588601,1.7636594719407364,1.6924132322627206,1.5008671053333755,0.49870027592649224,1.678910785996953,-0.0327287348387016,-0.028655873801570007,-0.045560881741545274,0
0.3184249492440456,-0.48839218628564385,-0.21318120139138944,-0.20111710654927253,0.40884992970115736,1.5150871906943304,-0.37202160417454627,1.7805951799553879,-1.234513220631121,-0.6851053172239552,-0.5007715890022916,-0.3861734352054968,-0.08820141933623656,-0.14453042652028236,-0.351936358649289,-0.24535487139811246,-0.2888575350395805,-0.3005714517379743,0
-2.1204590569770723,1.6668508948620862,-0.2370904737965722,1.5308468000761288,-0.8300722105775703,-0.6545680320410572,-0.15263478494293925,-0.9318905755784569,-0.48266665592689073,-0.6036177228920715,-0.0022484772492311574,-0.3011877030564235,-0.7173137217640276,-1.5431771284768048,-0.3550938360054249,0.07215530398593495,-0.0047354929490110165,0.06066970267448478,0
0.47757428439497746,-0.4816229256075771,-0.3342633702372529,2.238755434300975,1.228355020526382,-0.5122393407826102,-0.8000311167796436,-0.23614448638348254,1.4673215186167465,1.5939087375747618,-0.6153491977704414,-0.4236836206635879,-0.1523157930084836,0.7444379465975738,-0.4901697504436199,-0.4996761640789216,-0.5091325255183264,-0.5168025236020495,1
-1.072886869336687,0.7412172933946639,-0.11430864115326418,1.3136933654707668,-0.8853446319021792,-0.6985425330374107,-0.09622168214382228,-0.9363073740182571,-0.5314107615579603,-0.6764476161090431,-0.02106000619845168,-0.3500050466232708,-0.7284014266530523,-1.5431771284768048,-0.39920742753558336,-0.02093963910749814,-0.09738107978313032,-0.09762036947497227,1
1.1280828854798042,-0.7533322411704702,-0.2826199709445176,-0.679955841466815,-0.7919933181196388,-0.5430024146196907,-0.9281050002759493,0.5541917533876751,0.13560323687787884,-0.024761211355714366,-0.5947342920859214,-0.49538594434827565,-0.7142435846061795,2.091013579722014,-0.23606093465362485,-0.5449390971763757,-0.5445948984372753,-0.5509149582880684,0
-2.3509336192827948,2.135464723828146,-0.331073579082181,1.6535927328845959,-0.7822195797168989,-0.6044802272340368,-0.20909243034258848,-0.9263960357113631,-0.3567125242106162,-0.43251676628409996,0.0359038551949169,-0.26035051053320607,-0.7091260609720512,-1.3330654588825757,-0.3125284014936058,0.06619357526882257,0.04119724559152939,0.0272028864136254,0
0.18710971491747572,0.3306418351101752,0.5201062059702699,-0.3349335730194392,0.27520469672223047,1.1004670601399884,-0.6035161503034585,1.7128871442803812,-1.5945336148038218,-0.46786390676034145,-0.5052286449255357,-0.38975905521528587,-0.006287807245897569,-0.14471272116636194,-0.34767754444154375,-0.2666055250404992,-0.29235565689187726,-0.2876350557719745,0
1.7162257103707643,-1.417928123921363,-0.04975318578673394,0.1766210045205747,0.7447634256729939,2.1161815857163835,-0.40512085455135244,1.9476841870516621,-0.06946275917639032,-1.8895632273193104,-0.5211567298997856,-0.34765391959112035,-0.025708340756395366,-0.14382891114050472,-0.3191961059513958,-0.3246556485606316,-0.32966867469056843,-0.3424619651660832,1
-1.3927921942899535,0.17676592587992132,-1.5608084372605995,-0.9843311538683253,-0.38943083867178546,-0.5458869130503964,1.0975247146933034,-0.7838060171554626,0.18207963959001486,0.3320993944833511,1.5523409927193117,1.310087354194465,1.0450659621234835,0.3718945551072919,1.3257640615943553,-0.5211765184688889,-0.5207554815630705,-0.5276710298116313,0
1.2704241104187923,-1.2553454753195081,-0.4106739256804768,0.040016439609758966,0.6137496124037682,1.93088027913309,-0.302033824741998,1.86488141481616,-0.4945368776926221,-1.5305518394459499,-0.5153992601437396,-0.36181549843243344,-0.07481137682122728,-0.1441096713854462,-0.33354399846032456,-0.34572495672677633,-0.34822595198295464,-0.35565354765968427,0
1.3049797358710105,-0.7480454414517866,-0.27018075041014916,-0.5859605777538722,-0.7796060351626063,-0.4305174374753701,-0.8883633261901108,0.6819813394901886,0.2713284548498532,0.3892481017701712,-0.5763194318558348,-0.46972480878380907,-0.7007224081051667,2.091013579722014,-0.1907204020771299,-0.5370360012853167,-0.5275329312269386,-0.5345012724056118,1
-1.172072375012024,2.4668146205199033,2.5660594069961986,-0.9235792903280873,-0.35769719211581646,-0.4838419963483271,2.3011030681386466,-0.8007764501026217,1.7969332234797337,1.958326731285337,1.8384835280308631,2.1759658332402356,2.083168082688178,0.5102666691453408,2.0870781881561022,0.0457856841347965,-0.04849263920239407,-0.013118171152803013,0
1.2831634528993645,-0.6990609361923696,-0.2663721876435515,-0.5794051876651374,-0.7793256337326463,-0.4205864821870412,-0.918242744487491,0.6941053721765048,0.28960515805071485,0.3895057937250064,-0.5754959690159188,-0.4680402125736356,-0.6980709475947178,2.091013579722014,-0.18741726324717223,-0.5326212712269153,-0.5275536832467819,-0.5339616067081464,1
0.13360611536801434,0.6327454908149058,2.69926705567549,-0.8443657885799387,0.11198566110238231,2.912346871658623,3.2132039147420253,-0.68735717921331,2.805014824814633,1.9964168726124485,3.615055979212218,3.6022154103887782,3.0926836781114555,0.9361708962808305,3.6711099423753764,-0.002458772115254638,0.022426065220739304,0.022119939948515677,0
-0.007644088401740847,-0.371305977056491,-0.49109831948321053,-0.1943549586921743,-0.9895665539694923,-0.609357509437539,-0.16094503676720354,-0.33914009235528064,-0.5515709147058556,-0.6696654711180073,-0.5167996246194904,-0.5429380183115762,-0.7524239401100702,-0.7924048678502521,-0.544441948179796,-0.5465562658493509,-0.5429481831376041,-0.5447589561742661,0
-0.4544338844352477,0.12708173044793314,-0.22667474608762192,-1.0028989804178734,-0.9118290865520158,-0.15965682144549082,-0.4464405325741631,-0.5590296673322446,-0.672429507575171,-0.9553211403876689,-0.4025497589565299,-0.6166308592069887,-0.7435016437425498,-1.4887100547688177,-0.6775067870827798,3.1882918726399527,3.0367564980494253,3.078604775001818,0
-2.2713111882022554,1.8531370208020401,-0.2681652781180247,1.5771113300983588,-0.8149744422729751,-0.6401530209800179,-0.1695676243027808,-0.9303499877610582,-0.4526014190205287,-0.5621145422487802,0.007263142134520498,-0.28813853019509533,-0.7145674191167299,-1.5011547945579589,-0.3421693899500452,0.07920017475003188,0.03232528523332429,0.10285748659998681,0
0.7255075882459318,-0.37752592373791505,-0.23529337305545203,-0.7159038197120993,-0.8454252365256538,-0.6096734115203264,-0.7642913568505335,0.4076866109897982,-0.11240071105807811,-0.6801786331126112,-0.5963190875563543,-0.5010493193506343,-0.7161060903563293,2.091013579722014,-0.26128810066648295,-0.5678681922411896,-0.5625014526482107,-0.5644774676270775,1
0.20777367907702118,0.8830726403050765,2.478990126730594,-0.9324517955950266,-0.4389369516322056,-0.5199805483671766,2.2351972854870117,-0.8268094119662723,1.471380989096503,1.625533529603843,1.7768880624604184,1.8122960315627896,1.6437721706862969,0.5015813419907472,1.778789138881094,-0.006688526343229753,-0.011282649512579151,-0.027611930215902747,0
0.4392500404890333,0.5814768717538736,0.7323122851254147,-0.37178373711462265,0.2166092903784253,0.9195872720613741,-0.6728034083273051,1.657523398016921,-1.6696204492175715,-0.6342830654386429,-0.5152787162737389,-0.3854639590222139,0.03646425472289832,-0.14476463687634497,-0.34123962693759147,-0.30844313387420214,-0.3063523626489903,-0.31136827520126,0
-0.023800093671633608,0.006922179082967772,-0.19005223914358177,-0.9959146864862153,-0.8396619691503894,0.00620666047288566,-0.35990292639962396,-0.41076419675581666,-0.16066208825993322,-0.37842214204950836,-0.34332185938676385,-0.6089084560998309,-0.7446402520815727,-1.4843758536165939,-0.643014522336138,4.33624141360736,4.217546624851029,4.067961777750271,0
1.0475233106655195,-1.1740541510185807,-0.5911342956680774,-0.028285842430601275,0.5482427057691552,1.8382296254615418,-0.25049030988099,1.82348002925678,-0.7070739365570095,-1.3510461454521558,-0.5125205252382645,-0.3688962877697855,-0.09936289494440798,-0.14425005112687583,-0.3407179445809704,-0.3956856278859225,-0.3955385485341702,-0.4031356668237997,1
-0.6695744936022033,0.14696916224416923,-0.3290704508952119,-0.983441547154507,-0.5492815341093586,-0.6150322324819646,1.215652363811046,-0.8391283590002936,-0.6733979065935004,-0.34917745430428443,1.031842204955436,0.918559461039973,1.550666055058756,0.3718945551072919,0.8843890469374027,-0.5742373413788732,-0.570239124759383,-0.5724501900269598,1
1.3118573990918858,-0.8305674168372629,-0.2786015584435401,-0.6125521051872541,-0.7821379180387118,-0.46581652581330507,-0.8451879080421173,0.640476353995909,0.21824641318642143,0.3198170629911319,-0.5807610132940426,-0.4768093250615091,-0.7073950383727506,2.091013579722014,-0.20378238888980846,-0.5408819163496648,-0.5331152100970822,-0.5363331716634621,0
0.12526779505780286,-0.33812458321614514,-0.24647857067413384,-0.07323556545555102,-0.9940994446096494,-0.5775488319778291,-0.1482860700462632,-0.2691199723266901,-0.37424581606850976,-0.4938117923270348,-0.5076999626236611,-0.543154497207613,-0.7283897948123487,-0.7916032807832761,-0.5381322082320349,-0.5377190488118065,-0.5314138468659909,-0.5381175431621404,0
0.4896781055142594,0.6316438791120692,0.77475350149407,-0.3791537698838537,0.2048902091096644,0.8834113149015321,-0.6866608599268342,1.6464506483175323,-1.6846378161003215,-0.6675668972255263,-0.517288730576322,-0.3846049397835995,0.04501466715296342,-0.14477502024696626,-0.33995204351709213,-0.3200929073055933,-0.32985914549264184,-0.31124425232348496,0
-0.5774278613800833,0.12114372944957776,-0.24637267457362347,-1.0026767702982706,-0.9304770239995918,-0.18764556805249033,-0.45615794093162965,-0.629710812428472,-0.7717875397387122,-1.0622436004244438,-0.41462796288881637,-0.6181176264778401,-0.7418611763931702,-1.4887100547688177,-0.6879860142520892,2.7242711878430965,2.608416173765833,2.6621625832301667,0
0.29607867685720357,-0.9414136645376808,-0.44444601030323294,1.1399817538338495,2.71771765525176,-0.4869775214860908,-0.49860105991551656,-0.502900522697005,0.821425688303506,1.0598043348370358,-0.5366672615438828,-0.5147730112296337,-0.5566362425665753,-0.02715894682015799,-0.6231360042274426,-0.06295318916971344,-0.042612924233546005,-0.06679788302594333,0
-2.810272697489409,3.059171873725172,-0.353810475101083,2.077566448412889,-0.6988572099313397,-0.5377721754024187,-0.2517565827438985,-0.9127584747126373,-0.10569503902496792,-0.10369237532902216,0.13399441402472512,-0.16684261248286283,-0.6688798169568627,-0.9966517127399914,-0.21247891733911253,0.003217062294148422,0.023048877725324098,0.0004508820512248512,0
0.14555972484548246,0.8436466399343376,2.8255325568265848,-0.8581485628087595,0.030259380443333976,1.9655168204540203,2.9706015324162807,-0.7001844154165903,2.6746066720632546,2.162994232144757,3.197701190364838,3.3455121147826663,3.0041903230559783,0.8179210633275384,3.362346955172043,0.03833797621814963,0.06375480618027922,0.06738967983629109,0
0.10372209167434397,0.10549261801632662,2.3836033027977552,-0.8099088530078867,0.3163013627500033,5.27942199967013,3.819709870556386,-0.6552890887051097,3.1310352066930776,1.5799734737816797,4.658442951330667,4.243973649404063,3.313917065750148,1.2317954786640612,4.4430174103837095,-0.03594692982097045,-0.0032476246857486256,-0.028823954558716284,1
-2.311122403742525,1.9943008723150935,-0.2996194286001029,1.6153520314914773,-0.798597010994937,-0.6223166241070274,-0.1893300273226846,-0.9283730117362107,-0.4046569716155725,-0.49731565426644003,0.021583498664718658,-0.2742445203641507,-0.7118467400443906,-1.4171101267202675,-0.32734889572182546,-0.08752865695336906,-0.12920726408451622,-0.06594343326950683,1
0.29767193409969445,-1.0374284669945535,-0.8140798063934579,0.7522314804749697,2.105514665464584,-0.5569669218826037,-0.5293374697851301,-0.5866990849738281,0.6247777801937275,0.7617248794352807,-0.5439589348854308,-0.5267618089290853,-0.5008857668056106,-0.011083804017320927,-0.637113865736259,-0.03559655860683731,-0.04823431885932326,-0.01945812402422515,0
0.7192130914394046,-0.4786785471934346,-0.3631849120110119,2.174542584256126,1.2376647485215486,-0.5297907536753642,-0.77050239588012,-0.232793574730695,1.3714765829431683,1.602430697206525,-0.6153002065102259,-0.42503884373690104,-0.09821142597252974,0.7444379465975738,-0.49637634093788485,-0.5187356712883209,-0.5109270545482932,-0.5174074326008371,0
0.2879547781003308,-1.0529343383372443,-0.789729968597109,0.8242582088979943,2.212149538061752,-0.545336115470156,-0.523546259881828,-0.5738307870455164,0.6525724152145685,0.8109779289068197,-0.544673531543056,-0.5253735716456339,-0.5156846031766739,-0.014403258656494135,-0.6354942496159282,-0.007789574955427236,-0.014884476102700168,0.005695974531275078,1
-1.13613777704926,0.03008634968569497,-1.4235441531010313,-0.98748960255301,-0.4856699053904637,-0.58420404950748,1.0426941848270384,-0.797382672774984,-0.22785791130713762,-0.2685876447551803,1.401441440946233,1.1123524098916298,1.2959012113653468,0.3718945551072919,1.131426222951958,-0.5487995730102454,-0.5472152424950665,-0.5515342389576846,1
-0.6938927386552528,0.14701564964818295,-0.35357950882518907,-0.9827162993050159,-0.5516987122553927,-0.6157120794701924,1.2275594804313597,-0.8398235735634978,-0.6891260183004195,-0.29773362931045844,1.0040827010290085,0.9097076937219081,1.548477256889792,0.3718945551072919,0.8702399212661269,-0.5735902989549622,-0.5684991174253863,-0.5703936931734348,1
-0.16738340845701066,0.08221100158609192,-0.1941796807690205,-1.0001832918010019,-0.8654425090347091,-0.06605688403170931,-0.40188046435532204,-0.4354063859662005,-0.3722548047173899,-0.6213894052145903,-0.3673030390283766,-0.6121122698836778,-0.7454114728145165,-1.4869041376220578,-0.6539656863318667,3.303288327522515,3.355390142390989,3.356268015044231,0
1.0425330920304425,-0.4662766824143394,-0.14419935158681763,1.5313864258579584,0.8777474659980974,-0.5974093398441658,-0.23569511220593434,-0.45830602895845485,0.38794481797813296,0.4551285867189065,-0.6070007956161998,-0.45552659786962707,-0.22409257910952635,0.7444379465975738,-0.546990851700891,-0.5435363220134524,-0.5419492293746196,-0.5424109845717995,1
-3.2103983188834557,3.5379075321849243,-0.21637086722186896,2.4389143283539796,-0.6750536837001307,-0.5439555562828775,-0.20324263650615793,-0.9051189321801898,-0.026708778270537373,-0.01085392329473266,0.18840659097007936,-0.11626680084744274,-0.6297284466557546,-0.9963382796842339,-0.15812224101696043,0.051896534117485335,0.056624139938313764,0.03594115827764118,0
0.044850106002673217,-0.25872481661050273,-0.24479200291436018,-0.08227932646533133,-0.9970742735119109,-0.573583428346345,-0.13283133285308127,-0.2725770603142745,-0.518641670684565,-0.6641390820339076,-0.5076375874537375,-0.5444846148657687,-0.7335731298395104,-0.7918036775500201,-0.5396051366241371,-0.5406675997606994,-0.5329752999763868,-0.5379385263232049,0
0.1395829201067485,0.7381960653746217,2.7623998062510364,-0.8512571756943491,0.07112252077285831,2.4389318460563216,3.091902723579153,-0.6937707973149502,2.7398107484389436,2.079705552378603,3.4063785847885284,3.473863762585722,3.0484370005837174,0.8770459798041844,3.5167284487737094,0.040561522761402596,0.04573863811139485,0.03992057626194007,1
0.2461110116083444,-0.40205352329665234,-0.13340784932337788,-0.2160498182747456,0.3982948056341332,1.48215979339495,-0.3967465769109127,1.7803832570422753,-1.2794992527959035,-0.6156145836504501,-0.49950441739933593,-0.3876300576957715,-0.08309956311483335,-0.14455042584470176,-0.35251413974643697,-0.2859076471396835,-0.2945980198953567,-0.2995361846375007,1
-1.4444606356391019,0.1356749136379648,-1.7222947941889408,-0.9846070009197349,-0.39914579698373226,-0.5486460442403093,1.0772861160024183,-0.7808996544702642,0.1594303005029487,0.3022906609731888,1.548265810961283,1.294699931957593,1.0479753757914096,0.3718945551072919,1.3124950163206341,-0.5275638255757145,-0.5209862142503151,-0.52134851476591,0
-1.651134401926549,-0.028689135270949514,-2.368240223531479,-0.9857103891253737,-0.43800563023151956,-0.559682569075941,0.9963317194921107,-0.7692742039528189,0.0688329430297461,0.18305572642030826,1.531965083929168,1.2331502430101036,1.0596130304631144,0.3718945551072919,1.259418835225749,-0.5351357556356743,-0.5316539428074157,-0.5369406722604192,1
